{"1": {"context_precision": [0.9999999999, 0.9999999999, 0.9999999999, 0.9999999999, 0.9999999999, 0.9999999999, 0.9999999999, 0.9999999999, 0.9999999999, 0.9999999999, 0.9999999999, 0.9999999999, 0.9999999999, 0.9999999999, 0.9999999999, 0.9999999999, 0.9999999999, 0.9999999999, 0.9999999999, 0.9999999999, 0.9999999999, 0.9999999999, 0.9999999999, 0.9999999999, 0.9999999999, 0.9999999999, 0.9999999999, 0.9999999999, 0.9999999999, 0.9999999999, 0.9999999999, 0.9999999999, 0.9999999999, 0.9999999999, 0.9999999999, 0.9999999999, 0.9999999999, 0.9999999999, 0.9999999999, 0.0, 0.9999999999, 0.9999999999, 0.9999999999], "context_recall": [1.0, 0.9090909090909091, 1.0, 1.0, 0.3333333333333333, 1.0, 0.5555555555555556, 0.35714285714285715, 1.0, 0.75, 1.0, 0.3333333333333333, 0.6666666666666666, 1.0, 1.0, 0.6666666666666666, 1.0, 0.75, 0.3333333333333333, 0.6666666666666666, 0.5, 0.5, 1.0, 1.0, 1.0, 1.0, 1.0, 1.0, 1.0, 0.6666666666666666, 1.0, 1.0, 1.0, 1.0, 1.0, 1.0, 1.0, 1.0, 1.0, 0.0, 0.3333333333333333, 0.8, 1.0]}, "3": {"context_precision": [0.9999999999, 0.9999999999666667, 0.9999999999666667, 0.99999999995, 0.99999999995, 0.9999999999666667, 0.9999999999666667, 0.9999999999666667, 0.8333333332916666, 0.99999999995, 0.8333333332916666, 0.9999999999666667, 0.9999999999666667, 0.9999999999666667, 0.9999999999666667, 0.9999999999666667, 0.9999999999666667, 0.9999999999666667, 0.99999999995, 0.9999999999666667, 0.9999999999666667, 0.9999999999666667, 0.99999999995, 0.9999999999666667, 0.9999999999666667, 0.9999999999666667, 0.9999999999666667, 0.9999999999666667, 0.9999999999666667, 0.9999999999666667, 0.9999999999666667, 0.9999999999666667, 0.8333333332916666, 0.99999999995, 0.9999999999666667, 0.9999999999666667, 0.9999999999666667, 0.9999999999666667, 0.9999999999666667, 0.5833333333041666, 0.9999999999666667, 0.9999999999666667, 0.99999999995], "context_recall": [0.0, 1.0, 1.0, 1.0, 1.0, 0.8333333333333334, 0.7777777777777778, 0.7142857142857143, 1.0, 1.0, 1.0, 1.0, 0.5714285714285714, 0.6666666666666666, 1.0, 1.0, 1.0, 1.0, 0.3333333333333333, 1.0, 1.0, 1.0, 1.0, 1.0, 1.0, 1.0, 1.0, 1.0, 1.0, 0.6666666666666666, 1.0, 1.0, 1.0, 1.0, 1.0, 1.0, 0.0, 0.6666666666666666, 1.0, 1.0, 1.0, 0.8, 1.0]}, "5": {"context_precision": [0.7499999999625, 0.99999999998, 0.99999999998, 0.699999999965, 0.99999999998, 0.99999999998, 0.99999999995, 0.999999999975, 0.8041666666465626, 0.99999999998, 0.99999999998, 0.99999999998, 0.999999999975, 0.99999999998, 0.99999999998, 0.99999999998, 0.99999999998, 0.99999999998, 0.8874999999778125, 0.99999999998, 0.99999999998, 0.999999999975, 0.9166666666361111, 0.99999999998, 0.94999999997625, 0.99999999998, 0.99999999998, 0.99999999998, 0.99999999998, 0.99999999998, 0.8874999999778125, 0.999999999975, 0.8333333332916666, 0.8874999999778125, 0.99999999998, 0.99999999998, 0.7555555555303703, 0.99999999998, 0.999999999975, 0.5833333333041666, 0.99999999998, 0.9999999999666667, 0.99999999998], "context_recall": [0.3333333333333333, 1.0, 1.0, 1.0, 1.0, 1.0, 1.0, 0.5714285714285714, 1.0, 1.0, 1.0, 0.6666666666666666, 1.0, 1.0, 1.0, 1.0, 1.0, 1.0, 1.0, 1.0, 1.0, 1.0, 1.0, 1.0, 1.0, 1.0, 1.0, 1.0, 1.0, 1.0, 1.0, 1.0, 1.0, 1.0, 1.0, 1.0, 1.0, 1.0, 1.0, 1.0, 1.0, 0.8, 1.0]}, "10": {"context_precision": [0.599999999985, 0.99999999999, 0.99999999999, 0.699999999965, 0.9367346938641691, 0.99999999999, 0.8972222222072685, 0.9317956349089874, 0.841225749549736, 0.8782627865863615, 0.7738095237984695, 0.9999999999888889, 0.9999999999888889, 0.9467813051041186, 0.9704861110989801, 0.99999999999, 0.9888888888779013, 0.9467813051041186, 0.8782627865863615, 0.9888888888779013, 0.9583333333173611, 0.855952380940153, 0.7833333333176666, 0.9888888888779013, 0.9150793650641138, 0.9888888888779013, 0.9626543209769582, 0.9317956349089874, 0.99999999999, 0.99999999999, 0.9999999999888889, 0.9317956349089874, 0.6104166666514061, 0.8917233559963313, 0.9626543209769582, 0.99999999999, 0.732738095225883, 0.9999999999833333, 0.99999999998, 0.5833333333041666, 0.9467813051041186, 0.9067956349093, 0.9861111110987848], "context_recall": [0.6666666666666666, 1.0, 1.0, 1.0, 1.0, 1.0, 1.0, 1.0, 1.0, 1.0, 1.0, 1.0, 0.8571428571428571, 0.6666666666666666, 1.0, 1.0, 1.0, 1.0, 1.0, 1.0, 1.0, 1.0, 1.0, 1.0, 1.0, 1.0, 1.0, 1.0, 1.0, 1.0, 1.0, 1.0, 1.0, 1.0, 1.0, 1.0, 1.0, 1.0, 1.0, 1.0, 1.0, 0.8, 1.0]}}