{"context_precision": [0.8055555555287036, 0.99999999998, 0.99999999998, 0.699999999965, 0.99999999998, 0.99999999998, 0.8666666666377778, 0.999999999975, 0.8041666666465626, 0.8874999999778125, 0.99999999998, 0.99999999998, 0.999999999975, 0.99999999998, 0.99999999998, 0.99999999998, 0.99999999998, 0.99999999998, 0.99999999998, 0.99999999998, 0.99999999998, 0.999999999975, 0.9166666666361111, 0.99999999998, 0.94999999997625, 0.99999999998, 0.99999999998, 0.99999999998, 0.99999999998, 0.99999999998, 0.8874999999778125, 0.999999999975, 0.8333333332916666, 0.999999999975, 0.99999999998, 0.99999999998, 0.699999999965, 0.99999999998, 0.999999999975, 0.5833333333041666, 0.99999999998, 0.9999999999666667, 0.8874999999778125], "context_recall": [0.0, 1.0, 1.0, 1.0, 1.0, 1.0, 1.0, 0.7857142857142857, 0.7777777777777778, 1.0, 1.0, 0.6666666666666666, 1.0, 0.6666666666666666, 1.0, 1.0, 0.8, 1.0, 1.0, 1.0, 1.0, 1.0, 1.0, 1.0, 1.0, 1.0, 1.0, 1.0, 1.0, 1.0, 1.0, 1.0, 1.0, 1.0, 1.0, 1.0, 1.0, 1.0, 1.0, 1.0, 1.0, 0.8, 1.0]}