{"1": {"context_precision": [0.0, 0.9999999999, 0.9999999999, 0.0, 0.0, 0.0, 0.0, 0.9999999999, 0.9999999999, 0.9999999999, 0.9999999999, 0.0, 0.0, 0.9999999999, 0.0, 0.9999999999, 0.0, 0.9999999999, 0.9999999999, 0.9999999999, 0.0, 0.9999999999, 0.0, 0.9999999999, 0.0, 0.9999999999, 0.0, 0.9999999999, 0.0, 0.9999999999, 0.0, 0.0, 0.0, 0.0, 0.0, 0.0, 0.0, 0.0, 0.9999999999, 0.0, 0.0, 0.9999999999, 0.0], "context_recall": [0.0, 0.5454545454545454, 0.2, 0.0, 0.0, 0.041666666666666664, 0.1111111111111111, 0.3333333333333333, 0.2222222222222222, 0.5, 1.0, 0.0, 0.0, 0.6666666666666666, 0.0, 0.3333333333333333, 0.0, 0.75, 0.0, 0.6666666666666666, 0.0, 0.5, 0.0, 0.0, 0.0, 1.0, 0.0, 1.0, 0.0, 0.3333333333333333, 0.0, 0.0, 0.0, 0.0, 0.0, 0.0, 0.0, 0.0, 1.0, 0.0, 0.0, 0.8, 0.0]}, "3": {"context_precision": [0.0, 0.9999999999, 0.8333333332916666, 0.0, 0.0, 0.9999999999, 0.0, 0.8333333332916666, 0.8333333332916666, 0.8333333332916666, 0.9999999999, 0.5833333333041666, 0.3333333333, 0.9999999999, 0.0, 0.9999999999, 0.0, 0.99999999995, 0.9999999999666667, 0.99999999995, 0.0, 0.99999999995, 0.49999999995, 0.9999999999, 0.0, 0.9999999999, 0.5833333333041666, 0.9999999999, 0.9999999999666667, 0.8333333332916666, 0.49999999995, 0.0, 0.0, 0.0, 0.0, 0.0, 0.0, 0.0, 0.9999999999666667, 0.0, 0.3333333333, 0.9999999999, 0.0], "context_recall": [0.0, 0.6363636363636364, 0.8, 0.0, 0.0, 0.041666666666666664, 0.0, 0.4666666666666667, 0.4444444444444444, 1.0, 1.0, 0.6666666666666666, 0.5714285714285714, 1.0, 0.0, 1.0, 0.2, 1.0, 0.3333333333333333, 1.0, 0.0, 1.0, 1.0, 0.0, 0.0, 1.0, 1.0, 1.0, 1.0, 0.3333333333333333, 0.3333333333333333, 0.0, 0.0, 0.0, 0.5, 0.0, 0.0, 0.0, 1.0, 0.0, 0.16666666666666666, 0.8, 0.0]}, "5": {"context_precision": [0.0, 0.9999999999, 0.8041666666465626, 0.0, 0.0, 0.9999999999, 0.0, 0.8333333332916666, 0.7555555555303703, 0.8041666666465626, 0.699999999965, 0.5833333333041666, 0.4166666666458333, 0.9999999999, 0.32499999998375, 0.699999999965, 0.0, 0.8874999999778125, 0.7555555555303703, 0.99999999995, 0.249999999975, 0.8666666666377778, 0.49999999995, 0.99999999995, 0.19999999998, 0.9999999999, 0.5888888888692593, 0.9999999999, 0.8333333332916666, 0.999999999975, 0.5333333333155555, 0.0, 0.0, 0.0, 0.3333333333, 0.0, 0.0, 0.19999999998, 0.999999999975, 0.0, 0.36666666664833336, 0.699999999965, 0.0], "context_recall": [0.0, 0.7272727272727273, 0.8, 0.0, 0.0, 0.08333333333333333, 0.4444444444444444, 0.3888888888888889, 0.5555555555555556, 1.0, 1.0, 0.6666666666666666, 0.5714285714285714, 0.6666666666666666, 1.0, 1.0, 0.0, 1.0, 0.6666666666666666, 1.0, 0.0, 0.5, 1.0, 0.6666666666666666, 1.0, 1.0, 1.0, 1.0, 1.0, 0.6666666666666666, 0.6666666666666666, 0.0, 0.0, 0.0, 0.0, 0.0, 0.0, 0.3333333333333333, 1.0, 0.0, 0.16666666666666666, 0.8, 0.0]}, "10": {"context_precision": [0.0, 0.9999999999, 0.841225749549736, 0.11111111109999999, 0.162499999991875, 0.16666666665, 0.0, 0.630158730146127, 0.6977777777638222, 0.8041666666465626, 0.5546031745920825, 0.555555555537037, 0.4027777777643518, 0.6666666666333333, 0.624999999984375, 0.609523809503492, 0.0, 0.8303571428363838, 0.6926190476051952, 0.99999999995, 0.2916666666520833, 0.7961904761745524, 0.37301587300343914, 0.609259259249105, 0.19999999998, 0.642857142825, 0.5888888888692593, 0.9999999999, 0.6097222222120602, 0.7416666666518332, 0.3166666666561111, 0.11111111109999999, 0.14285714284285714, 0.0, 0.3063492063389947, 0.0, 0.0, 0.24285714284499998, 0.999999999975, 0.0, 0.36666666664833336, 0.699999999965, 0.1249999999875], "context_recall": [0.0, 0.5454545454545454, 0.8, 1.0, 0.3333333333333333, 0.05, 1.0, 0.7333333333333333, 0.6666666666666666, 0.75, 1.0, 0.6666666666666666, 0.6666666666666666, 0.6666666666666666, 1.0, 1.0, 1.0, 1.0, 1.0, 1.0, 0.5, 0.5, 1.0, 0.6666666666666666, 1.0, 1.0, 1.0, 1.0, 1.0, 1.0, 0.3333333333333333, 1.0, 1.0, 0.0, 0.0, 0.0, 0.0, 0.6666666666666666, 1.0, 0.0, 0.16666666666666666, 0.8, 0.3333333333333333]}}