{"context_precision": [0.9999999999666667, 0.9999999999, 0.7555555555303703, 0.99999999995, 0.8333333332916666, 0.99999999998, 0.999999999975, 0.499999999975, 0.99999999998, 0.8333333332916666, 0.8874999999778125, 0.8874999999778125, 0.9999999999666667, 0.94999999997625, 0.99999999998, 0.94999999997625, 0.99999999998, 0.99999999998, 0.99999999998, 0.99999999998, 0.9999999999666667, 0.9999999999666667, 0.8874999999778125, 0.7499999999625, 0.8666666666377778, 0.99999999998, 0.999999999975, 0.8055555555287036, 0.8874999999778125, 0.699999999965, 0.8666666666377778, 0.8041666666465626, 0.99999999998, 0.99999999998, 0.9166666666361111, 0.8666666666377778, 0.999999999975, 0.999999999975, 0.9999999999666667, 0.7555555555303703], "context_recall": [1.0, 1.0, 1.0, 1.0, 1.0, 1.0, 1.0, 1.0, 1.0, 1.0, 1.0, 1.0, 1.0, 1.0, 1.0, 1.0, 1.0, 1.0, 1.0, 1.0, 1.0, 1.0, 1.0, 1.0, 1.0, 1.0, 1.0, 1.0, 0.25, 1.0, 1.0, 1.0, 1.0, 1.0, 1.0, 1.0, 1.0, 1.0, 1.0, 1.0]}