{"1": {"context_precision": [0.9999999999, 0.9999999999, 0.9999999999, 0.9999999999, 0.9999999999, 0.9999999999, 0.9999999999, 0.0, 0.9999999999, 0.9999999999, 0.9999999999, 0.9999999999, 0.9999999999, 0.9999999999, 0.9999999999, 0.9999999999, 0.9999999999, 0.9999999999, 0.9999999999, 0.9999999999, 0.9999999999, 0.9999999999, 0.9999999999, 0.9999999999, 0.9999999999, 0.9999999999, 0.9999999999, 0.9999999999, 0.9999999999, 0.9999999999, 0.9999999999, 0.9999999999, 0.9999999999, 0.9999999999, 0.9999999999, 0.9999999999, 0.9999999999, 0.9999999999, 0.9999999999, 0.9999999999], "context_recall": [0.6666666666666666, 1.0, 1.0, 1.0, 1.0, 1.0, 1.0, 0.0, 1.0, 1.0, 1.0, 1.0, 0.42857142857142855, 1.0, 0.8, 1.0, 1.0, 1.0, 1.0, 1.0, 1.0, 0.5, 1.0, 1.0, 0.0, 1.0, 1.0, 1.0, 0.25, 1.0, 1.0, 1.0, 1.0, 0.3333333333333333, 1.0, 1.0, 0.25, 1.0, 1.0, 1.0]}, "3": {"context_precision": [0.9999999999666667, 0.9999999999, 0.8333333332916666, 0.99999999995, 0.9999999999, 0.9999999999666667, 0.9999999999666667, 0.99999999995, 0.9999999999666667, 0.8333333332916666, 0.99999999995, 0.9999999999666667, 0.99999999995, 0.9999999999666667, 0.9999999999666667, 0.9999999999666667, 0.9999999999666667, 0.9999999999666667, 0.9999999999666667, 0.9999999999666667, 0.99999999995, 0.9999999999666667, 0.99999999995, 0.9999999999, 0.99999999995, 0.9999999999666667, 0.9999999999666667, 0.9999999999666667, 0.99999999995, 0.9999999999, 0.9999999999666667, 0.8333333332916666, 0.9999999999666667, 0.9999999999666667, 0.99999999995, 0.99999999995, 0.9999999999666667, 0.9999999999666667, 0.9999999999666667, 0.8333333332916666], "context_recall": [1.0, 1.0, 1.0, 1.0, 1.0, 1.0, 1.0, 1.0, 1.0, 1.0, 1.0, 1.0, 1.0, 1.0, 0.8, 1.0, 1.0, 1.0, 1.0, 1.0, 1.0, 1.0, 1.0, 1.0, 1.0, 1.0, 1.0, 1.0, 0.25, 1.0, 1.0, 1.0, 1.0, 1.0, 1.0, 1.0, 1.0, 1.0, 1.0, 1.0]}, "5": {"context_precision": [0.9999999999666667, 0.9999999999, 0.8041666666465626, 0.99999999995, 0.9999999999, 0.99999999998, 0.999999999975, 0.9166666666361111, 0.8874999999778125, 0.8333333332916666, 0.8874999999778125, 0.8874999999778125, 0.9166666666361111, 0.94999999997625, 0.999999999975, 0.94999999997625, 0.99999999998, 0.999999999975, 0.99999999998, 0.99999999998, 0.99999999995, 0.9999999999666667, 0.8874999999778125, 0.7499999999625, 0.8666666666377778, 0.99999999998, 0.999999999975, 0.999999999975, 0.8874999999778125, 0.699999999965, 0.8666666666377778, 0.8041666666465626, 0.999999999975, 0.99999999998, 0.6999999999766667, 0.8666666666377778, 0.999999999975, 0.9999999999666667, 0.9999999999666667, 0.7555555555303703], "context_recall": [1.0, 1.0, 1.0, 1.0, 1.0, 1.0, 1.0, 1.0, 1.0, 1.0, 1.0, 1.0, 1.0, 1.0, 1.0, 1.0, 1.0, 1.0, 1.0, 1.0, 1.0, 1.0, 1.0, 1.0, 1.0, 1.0, 1.0, 1.0, 0.25, 1.0, 1.0, 1.0, 1.0, 1.0, 1.0, 1.0, 1.0, 1.0, 1.0, 1.0]}, "10": {"context_precision": [0.9999999999666667, 0.5444444444262962, 0.7190476190356349, 0.8333333333055556, 0.699999999965, 0.9888888888779013, 0.8392857142689285, 0.49999999999, 0.99999999999, 0.6845238095066964, 0.8388888888784028, 0.7486111110986342, 0.9666666666473333, 0.8259259259121605, 0.9999999999888889, 0.871111111093689, 0.9765432098656928, 0.9282627865858059, 0.9765432098656928, 0.99999999999, 0.8333333333055556, 0.8592592592449383, 0.8755456349096906, 0.6428571428357143, 0.8666666666377778, 0.8597505668811418, 0.7496598639348688, 0.9129251700549855, 0.821111111094689, 0.5916666666469445, 0.99999999999, 0.7749999999870834, 0.9214285714154082, 0.99999999999, 0.8261904761739525, 0.7644444444291555, 0.9111111110928889, 0.8444444444275556, 0.8111111110948889, 0.826020408151465], "context_recall": [1.0, 1.0, 1.0, 1.0, 1.0, 1.0, 1.0, 1.0, 1.0, 1.0, 1.0, 1.0, 1.0, 1.0, 1.0, 1.0, 1.0, 1.0, 1.0, 1.0, 1.0, 1.0, 1.0, 1.0, 1.0, 1.0, 1.0, 1.0, 0.5, 1.0, 1.0, 1.0, 1.0, 1.0, 1.0, 1.0, 1.0, 1.0, 1.0, 1.0]}}