{"context_precision": [0.0, 0.99999999995, 0.8041666666465626, 0.699999999965, 0.3333333333, 0.49999999995, 0.9166666666361111, 0.99999999995, 0.699999999965, 0.9166666666361111, 0.5888888888692593, 0.7499999999625, 0.9999999999666667, 0.699999999965, 0.99999999998, 0.999999999975, 0.99999999995, 0.94999999997625, 0.94999999997625, 0.999999999975, 0.94999999997625, 0.999999999975, 0.7499999999625, 0.8041666666465626, 0.7555555555303703, 0.99999999998, 0.8666666666377778, 0.999999999975, 0.99999999998, 0.99999999998, 0.99999999998, 0.9166666666361111, 0.9999999999, 0.8333333332916666, 0.94999999997625, 0.36666666664833336, 0.0, 0.94999999997625, 0.999999999975, 0.3333333333, 0.999999999975, 0.99999999995, 0.9999999999], "context_recall": [0.0, 1.0, 0.8, 1.0, 0.6666666666666666, 0.05, 0.6666666666666666, 0.3333333333333333, 0.3333333333333333, 0.5, 1.0, 0.6666666666666666, 0.7142857142857143, 1.0, 1.0, 1.0, 0.4, 1.0, 0.6666666666666666, 1.0, 1.0, 1.0, 1.0, 1.0, 1.0, 1.0, 1.0, 1.0, 1.0, 0.3333333333333333, 0.6666666666666666, 1.0, 1.0, 1.0, 1.0, 0.5, 0.0, 0.6666666666666666, 1.0, 1.0, 1.0, 0.8, 0.3333333333333333]}