{"1": {"context_precision": [0.0, 0.9999999999, 0.9999999999, 0.9999999999, 0.0, 0.9999999999, 0.9999999999, 0.9999999999, 0.9999999999, 0.9999999999, 0.0, 0.9999999999, 0.9999999999, 0.9999999999, 0.9999999999, 0.9999999999, 0.0, 0.9999999999, 0.9999999999, 0.9999999999, 0.9999999999, 0.9999999999, 0.9999999999, 0.9999999999, 0.9999999999, 0.9999999999, 0.9999999999, 0.9999999999, 0.9999999999, 0.0, 0.9999999999, 0.9999999999, 0.9999999999, 0.9999999999, 0.9999999999, 0.0, 0.0, 0.9999999999, 0.9999999999, 0.0, 0.9999999999, 0.9999999999, 0.9999999999], "context_recall": [0.0, 0.5454545454545454, 0.0, 1.0, 0.3333333333333333, 0.0, 0.4444444444444444, 0.2777777777777778, 0.3333333333333333, 0.25, 0.0, 0.3333333333333333, 0.5, 0.6666666666666666, 1.0, 0.6666666666666666, 0.0, 0.5, 0.3333333333333333, 1.0, 0.5, 0.5, 1.0, 0.6666666666666666, 1.0, 1.0, 0.5, 1.0, 1.0, 0.0, 0.3333333333333333, 0.0, 1.0, 1.0, 1.0, 0.0, 0.0, 0.3333333333333333, 1.0, 0.0, 0.8333333333333334, 0.8, 0.3333333333333333]}, "3": {"context_precision": [0.0, 0.99999999995, 0.8333333332916666, 0.9999999999, 0.3333333333, 0.9999999999, 0.99999999995, 0.9999999999666667, 0.8333333332916666, 0.99999999995, 0.5833333333041666, 0.9999999999, 0.8333333332916666, 0.8333333332916666, 0.9999999999666667, 0.9999999999666667, 0.99999999995, 0.9999999999666667, 0.9999999999666667, 0.9999999999666667, 0.9999999999666667, 0.9999999999666667, 0.9999999999, 0.8333333332916666, 0.8333333332916666, 0.9999999999666667, 0.99999999995, 0.9999999999666667, 0.9999999999666667, 0.9999999999666667, 0.99999999995, 0.99999999995, 0.9999999999, 0.8333333332916666, 0.9999999999666667, 0.3333333333, 0.0, 0.9999999999666667, 0.9999999999666667, 0.3333333333, 0.9999999999666667, 0.99999999995, 0.9999999999], "context_recall": [0.0, 1.0, 0.8, 1.0, 0.6666666666666666, 0.1, 0.5555555555555556, 0.35714285714285715, 0.1111111111111111, 0.75, 1.0, 0.3333333333333333, 0.5, 0.6666666666666666, 1.0, 1.0, 0.4, 1.0, 0.3333333333333333, 1.0, 1.0, 1.0, 1.0, 0.6666666666666666, 1.0, 1.0, 1.0, 1.0, 1.0, 0.3333333333333333, 0.3333333333333333, 0.5, 1.0, 1.0, 1.0, 0.0, 0.0, 0.6666666666666666, 1.0, 1.0, 1.0, 0.8, 0.3333333333333333]}, "5": {"context_precision": [0.0, 0.8666666666377778, 0.8041666666465626, 0.699999999965, 0.0, 0.9999999999666667, 0.8874999999778125, 0.9999999999666667, 0.699999999965, 0.9166666666361111, 0.5888888888692593, 0.7499999999625, 0.8333333332916666, 0.8333333332916666, 0.99999999998, 0.999999999975, 0.99999999995, 0.99999999998, 0.7555555555303703, 0.999999999975, 0.94999999997625, 0.999999999975, 0.7499999999625, 0.8041666666465626, 0.7555555555303703, 0.99999999998, 0.8666666666377778, 0.999999999975, 0.99999999998, 0.99999999998, 0.99999999998, 0.9166666666361111, 0.9999999999, 0.9999999999666667, 0.94999999997625, 0.36666666664833336, 0.0, 0.94999999997625, 0.999999999975, 0.3333333333, 0.999999999975, 0.9999999999, 0.9999999999], "context_recall": [0.0, 1.0, 1.0, 1.0, 0.6666666666666666, 0.05, 0.8888888888888888, 0.3333333333333333, 0.4444444444444444, 0.5, 1.0, 0.6666666666666666, 0.7142857142857143, 1.0, 1.0, 1.0, 0.5, 1.0, 0.6666666666666666, 1.0, 1.0, 1.0, 1.0, 1.0, 1.0, 1.0, 1.0, 1.0, 1.0, 0.3333333333333333, 0.6666666666666666, 0.3333333333333333, 1.0, 1.0, 1.0, 0.5, 0.0, 0.6666666666666666, 1.0, 1.0, 1.0, 0.8, 0.3333333333333333]}, "10": {"context_precision": [0.16666666665, 0.7916666666402777, 0.841225749549736, 0.5916666666469445, 0.0, 0.8333333333055556, 0.8349999999833, 0.8333333333166667, 0.5916666666469445, 0.6438492063384755, 0.608333333318125, 0.6666666666444444, 0.6215277777622396, 0.6644444444311555, 0.9704861110989801, 0.9087301587171768, 0.99999999995, 0.9617346938638119, 0.592592592582716, 0.9129251700549855, 0.9028571428390857, 0.9087301587171768, 0.6666666666444444, 0.797222222212257, 0.7095238095060713, 0.99999999999, 0.8874999999778125, 0.9305555555400462, 0.99999999999, 0.99999999999, 0.9749999999878125, 0.7753968253813175, 0.9999999999, 0.871111111093689, 0.7311111110964889, 0.4105555555473444, 0.0, 0.94999999997625, 0.999999999975, 0.3333333333, 0.880612244885379, 0.7777777777518519, 0.62499999996875], "context_recall": [0.5, 1.0, 0.8, 1.0, 0.6666666666666666, 0.125, 1.0, 1.0, 0.2222222222222222, 0.75, 1.0, 0.6666666666666666, 0.8333333333333334, 1.0, 1.0, 1.0, 0.6, 1.0, 1.0, 1.0, 1.0, 1.0, 1.0, 1.0, 1.0, 1.0, 1.0, 1.0, 1.0, 1.0, 0.6666666666666666, 1.0, 1.0, 1.0, 0.75, 1.0, 0.0, 0.6666666666666666, 1.0, 1.0, 1.0, 0.8, 0.6666666666666666]}}