{"context_precision": [0.0, 0.99999999995, 0.8041666666465626, 0.9999999999, 0.0, 0.5333333333155555, 0.8874999999778125, 0.99999999995, 0.9999999999, 0.5833333333041666, 0.5888888888692593, 0.9999999999, 0.8333333332916666, 0.7499999999625, 0.94999999997625, 0.999999999975, 0.3333333333, 0.99999999998, 0.9999999999666667, 0.94999999997625, 0.94999999997625, 0.99999999998, 0.4499999999775, 0.6791666666496875, 0.7555555555303703, 0.99999999998, 0.9166666666361111, 0.999999999975, 0.99999999998, 0.6791666666496875, 0.99999999998, 0.699999999965, 0.9999999999, 0.99999999995, 0.999999999975, 0.32499999998375, 0.0, 0.699999999965, 0.999999999975, 0.3333333333, 0.8874999999778125, 0.99999999995, 0.9999999999], "context_recall": [0.0, 1.0, 0.8, 1.0, 0.0, 0.125, 1.0, 0.2777777777777778, 0.2222222222222222, 0.25, 1.0, 0.3333333333333333, 0.5714285714285714, 0.6666666666666666, 1.0, 1.0, 0.4, 1.0, 0.6666666666666666, 1.0, 1.0, 1.0, 1.0, 1.0, 1.0, 1.0, 1.0, 1.0, 1.0, 0.3333333333333333, 1.0, 0.3333333333333333, 1.0, 1.0, 1.0, 0.5, 0.0, 0.3333333333333333, 1.0, 1.0, 1.0, 0.8, 0.3333333333333333]}