{"1": {"context_precision": [0.0, 0.9999999999, 0.9999999999, 0.9999999999, 0.0, 0.9999999999, 0.9999999999, 0.9999999999, 0.0, 0.0, 0.0, 0.9999999999, 0.9999999999, 0.9999999999, 0.9999999999, 0.9999999999, 0.0, 0.9999999999, 0.9999999999, 0.9999999999, 0.9999999999, 0.9999999999, 0.0, 0.0, 0.9999999999, 0.9999999999, 0.9999999999, 0.9999999999, 0.9999999999, 0.9999999999, 0.9999999999, 0.9999999999, 0.9999999999, 0.9999999999, 0.9999999999, 0.0, 0.0, 0.9999999999, 0.9999999999, 0.0, 0.9999999999, 0.9999999999, 0.9999999999], "context_recall": [0.0, 0.6363636363636364, 0.2, 1.0, 0.0, 0.0, 0.4444444444444444, 0.3333333333333333, 0.2222222222222222, 0.0, 0.0, 0.3333333333333333, 0.5, 0.6666666666666666, 1.0, 0.6666666666666666, 0.2, 0.5, 0.3333333333333333, 1.0, 0.5, 0.5, 0.0, 0.0, 1.0, 1.0, 0.5, 1.0, 1.0, 0.0, 0.3333333333333333, 0.0, 1.0, 1.0, 1.0, 0.0, 0.0, 0.3333333333333333, 1.0, 0.0, 0.8333333333333334, 0.8, 0.3333333333333333]}, "3": {"context_precision": [0.0, 0.99999999995, 0.9999999999666667, 0.9999999999, 0.0, 0.9999999999, 0.99999999995, 0.99999999995, 0.0, 0.5833333333041666, 0.5833333333041666, 0.9999999999, 0.8333333332916666, 0.9999999999, 0.9999999999666667, 0.9999999999666667, 0.8333333332916666, 0.9999999999666667, 0.9999999999666667, 0.9999999999666667, 0.99999999995, 0.9999999999666667, 0.49999999995, 0.5833333333041666, 0.8333333332916666, 0.9999999999666667, 0.99999999995, 0.9999999999666667, 0.9999999999666667, 0.9999999999666667, 0.9999999999666667, 0.99999999995, 0.9999999999, 0.99999999995, 0.9999999999666667, 0.0, 0.0, 0.9999999999, 0.9999999999666667, 0.3333333333, 0.99999999995, 0.9999999999, 0.9999999999], "context_recall": [0.0, 1.0, 0.6, 1.0, 0.3333333333333333, 0.041666666666666664, 0.7777777777777778, 0.2777777777777778, 0.2222222222222222, 0.25, 1.0, 0.3333333333333333, 0.5714285714285714, 1.0, 1.0, 1.0, 0.4, 1.0, 0.6666666666666666, 1.0, 1.0, 1.0, 1.0, 1.0, 1.0, 1.0, 1.0, 1.0, 1.0, 0.3333333333333333, 0.3333333333333333, 0.3333333333333333, 1.0, 1.0, 0.75, 0.0, 0.0, 0.3333333333333333, 1.0, 0.42857142857142855, 0.8333333333333334, 0.8, 0.3333333333333333]}, "5": {"context_precision": [0.0, 0.99999999995, 0.8041666666465626, 0.9999999999, 0.0, 0.99999999995, 0.8874999999778125, 0.9166666666361111, 0.9999999999, 0.5833333333041666, 0.5888888888692593, 0.9999999999, 0.8055555555287036, 0.7499999999625, 0.94999999997625, 0.999999999975, 0.3333333333, 0.94999999997625, 0.99999999995, 0.94999999997625, 0.94999999997625, 0.99999999998, 0.5888888888692593, 0.6791666666496875, 0.7555555555303703, 0.99999999998, 0.99999999995, 0.99999999998, 0.99999999998, 0.99999999998, 0.99999999998, 0.699999999965, 0.9999999999, 0.9166666666361111, 0.999999999975, 0.32499999998375, 0.0, 0.699999999965, 0.999999999975, 0.3333333333, 0.8874999999778125, 0.99999999995, 0.9999999999], "context_recall": [0.0, 1.0, 0.8, 1.0, 0.0, 0.0, 1.0, 0.3333333333333333, 0.2222222222222222, 0.25, 1.0, 0.3333333333333333, 0.7142857142857143, 1.0, 1.0, 1.0, 0.4, 1.0, 0.6666666666666666, 1.0, 1.0, 1.0, 1.0, 1.0, 1.0, 1.0, 1.0, 1.0, 1.0, 0.6666666666666666, 1.0, 0.3333333333333333, 1.0, 1.0, 0.6666666666666666, 0.0, 0.0, 0.25, 1.0, 0.2, 1.0, 0.8, 0.3333333333333333]}, "10": {"context_precision": [0.16666666665, 0.99999999995, 0.9999999999833333, 0.5694444444254629, 0.16666666665, 0.18253968253055555, 0.8801587301461565, 0.9999999999666667, 0.14285714284285714, 0.4027777777643518, 0.5676190476076952, 0.5694444444254629, 0.6833333333196666, 0.624999999984375, 0.9159722222107726, 0.9129251700549855, 0.3333333333, 0.8259259259121605, 0.7994047618914385, 0.8374999999860417, 0.7611111110920833, 0.9444444444287038, 0.46666666665111106, 0.748115079355728, 0.691666666649375, 0.9888888888779013, 0.74999999998125, 0.8968253968104498, 0.9765432098656928, 0.9888888888779013, 0.99999999999, 0.7961904761745524, 0.9999999999, 0.7916666666402777, 0.9206845237980152, 0.3595238095118254, 0.0, 0.6178571428416965, 0.999999999975, 0.33333333331666665, 0.8044217686959914, 0.6111111110805556, 0.9999999999], "context_recall": [0.5, 1.0, 0.8, 1.0, 0.6666666666666666, 0.125, 1.0, 0.7333333333333333, 0.3333333333333333, 0.5, 1.0, 1.0, 0.5714285714285714, 1.0, 1.0, 1.0, 0.0, 1.0, 1.0, 1.0, 1.0, 1.0, 1.0, 1.0, 1.0, 1.0, 1.0, 1.0, 1.0, 0.6666666666666666, 0.8571428571428571, 0.6666666666666666, 1.0, 1.0, 0.75, 1.0, 0.0, 0.5, 1.0, 0.8, 1.0, 0.8, 0.3333333333333333]}}